Data set,"Authors collaborating with Xu, C. C."
Entity,"Xu, C. C."
Year range,2022 to 2025
Subject classification,"ASJC"
Filtered by,"not filtered"
Types of publications included,all publication types
Self-citations,included

Data source,Scopus
Date last updated,16 July 2025
Date exported,28 July 2025

Author numbers,<= 10

Author,Institution ID,Institution,Sector,Co-authored publications,Citations,Citations per Publication,Field-Weighted Citation Impact,Scopus author ID
"Zhang, Yongsheng",203245,"Zhengzhou University",academic,23,513,22.3,2.04,56311738200
"Wang, Haoyu",501052,"Western University",academic,18,198,11.0,1.45,57211581432
"Wang, Jianshe",203245,"Zhengzhou University",academic,18,422,23.4,2.20,8867270500
"Zeng, Yimin",702787,"Natural Resources Canada",government,14,134,9.6,1.16,7402978197
"Han, Xue",702787,"Natural Resources Canada",government,13,134,10.3,1.24,55450997800
"Rezayan, Armin",205002,"City University of Hong Kong",academic,13,216,16.6,1.78,57202197953
"Nie, Renfeng",203245,"Zhengzhou University",academic,12,237,19.8,2.09,36092982500
"Wu, Dan",203245,"Zhengzhou University",academic,11,59,5.4,1.14,57116832100
"Long, Hongming Ming",203007,"Anhui University of Technology",academic,10,163,16.3,1.73,15051996200
"Beims, Ramon Filipe",501052,"Western University",academic,9,167,18.6,1.49,57200082982
"Li, Hongwei",501052,"Western University",academic,9,148,16.4,1.12,57208443195
"Qin, Wensheng",501014,"Lakehead University",academic,9,87,9.7,1.20,12646665100
"Yang, Xiaomeng",203245,"Zhengzhou University",academic,9,124,13.8,1.79,57208181636
"Zhang, Mingyuan",501052,"Western University",academic,9,69,7.7,1.12,57221955395
"Kermanshahi-pour, Azadeh",501007,"Dalhousie University",academic,7,53,7.6,0.94,8536741000
"Lu, Tiangliang",203245,"Zhengzhou University",academic,7,105,15.0,1.21,55488499500
"Hu, Yulin",501045,"University of Prince Edward Island",academic,6,150,25.0,2.01,57193335637
"Qian, Lixin",203007,"Anhui University of Technology",academic,6,145,24.2,1.61,57188677881
"Ray, Madhumita Bhowmick",501052,"Western University",academic,6,52,8.7,2.48,7202799878
"Wei, Rufei",203007,"Anhui University of Technology",academic,6,68,11.3,1.93,37020754200
"Yuan, Zhongshun Sean",501052,"Western University",academic,6,113,18.8,0.98,36467290200
"Chang, Chun",203245,"Zhengzhou University",academic,5,3,0.6,0.59,55878232900
"Chio, Chonlong",501014,"Lakehead University",academic,5,55,11.0,1.45,57204076525
"DSouza, Glen Cletus",501052,"Western University",academic,5,30,6.0,1.68,57207999455
"Jiang, Zihua",501014,"Lakehead University",academic,5,67,13.4,1.32,7404280328
"Lin, Yucheng",203245,"Zhengzhou University",academic,5,3,0.6,0.59,58601519000
"Mokale Kognou, Aristide Laurel",208069,"Kobe University",academic,5,67,13.4,1.32,57204834560
"Chambers, Darren W.",-,"Progressive Industrial Fluids Ltd.",-,4,35,8.8,1.66,58366640400
"Ding, Long",203007,"Anhui University of Technology",academic,4,66,16.5,0.90,57215055069
"Kamyab, Behzad",501052,"Western University",academic,4,35,8.8,1.66,57211072866
"Li, Haoyang",501052,"Western University",academic,4,86,21.5,2.36,57192117176
"Liu, Xiaoming",203212,"University of Science and Technology Beijing",academic,4,207,51.8,5.08,59120030100
"Prakash, Anand",501052,"Western University",academic,4,13,3.3,1.61,7202316601
"Sui, Dong",203387,"Luoyang Normal University",academic,4,176,44.0,4.13,36612472600
"Zhang, Heng",203073,"Guizhou University",academic,4,186,46.5,7.32,56783583500
"Zhang, Yuexing",704955,"Dezhou University",academic,4,105,26.3,3.43,35263436000
"Ai, Xianbin",-,"Jiangxi Academy of Sciences",-,3,22,7.3,0.79,36702560600
"Arredondo, Rosa",501052,"Western University",academic,3,77,25.7,1.08,57415657300
"Bassi, Amarjeet Singh",501052,"Western University",academic,3,21,7.0,1.10,7102527065
"Brar, Satinder K.",501056,"York University Toronto",academic,3,18,6.0,0.50,7004923133
"Han, Dandan",203089,"Henan Agricultural University",academic,3,35,11.7,2.23,56542241400
"Hou, Liutao",203245,"Zhengzhou University",academic,3,2,0.7,0.53,58814183100
"Kumar, Pawan",501007,"Dalhousie University",academic,3,18,6.0,0.50,57220738201
"Lin, Wei",203245,"Zhengzhou University",academic,3,111,37.0,4.66,57943008400
"Liu, Minkang",702787,"Natural Resources Canada",government,3,1,0.3,0.07,57215361520
"Ma, Zhen",203245,"Zhengzhou University",academic,3,1,0.3,0.07,58916182500
"Shrestha, Sarita",501014,"Lakehead University",academic,3,52,17.3,1.26,57219915602
"Shui, Hengfu",203007,"Anhui University of Technology",academic,3,79,26.3,1.17,7003761606
"Wang, Ke",203245,"Zhengzhou University",academic,3,95,31.7,2.19,57223669470
"Xue, Yang",203212,"University of Science and Technology Beijing",academic,3,136,45.3,5.78,57224167137
"Yang, Song",203073,"Guizhou University",academic,3,172,57.3,6.81,7408519878
"Zhang, Zhen",203245,"Zhengzhou University",academic,3,33,11.0,1.48,57188535756
"Zhao, Bojun",-,"Zhejiang Academy of Special Equipment Science",-,3,81,27.0,2.10,57200961840
"Zhao, Shiqiang",203245,"Zhengzhou University",academic,3,3,1.0,0.98,57210430468
"Ban, Lin",203073,"Guizhou University",academic,2,38,19.0,12.49,58991879100
"Bao, Jinpan",203245,"Zhengzhou University",academic,2,12,6.0,1.46,58119751900
"Barghi, Shahzad",501052,"Western University",academic,2,11,5.5,0.47,57192703512
"Chen, Long",203073,"Guizhou University",academic,2,148,74.0,2.15,57939705100
"Chen, Xuantong",501014,"Lakehead University",academic,2,38,19.0,1.65,57195726357
"Chen, Yi",203245,"Zhengzhou University",academic,2,73,36.5,3.03,57226819566
"Dodangeh, Fatemeh",501052,"Western University",academic,2,16,8.0,2.81,59831496100
"Fu, Yinxuan",-,"Jiangxi Academy of Sciences",-,2,19,9.5,0.85,57202756715
"Geng, Fei",203245,"Zhengzhou University",academic,2,4,2.0,0.96,59318902100
"Han, Xiuli",203245,"Zhengzhou University",academic,2,0,0.0,0.00,55626549200
"He, Quan (Sophia)",501007,"Dalhousie University",academic,2,13,6.5,0.48,8297977900
"Hu, Mian",203244,"Zhejiang University of Technology",academic,2,19,9.5,0.39,55599561100
"Hu, Zhongting",203244,"Zhejiang University of Technology",academic,2,19,9.5,0.39,56252093500
"Huang, Yanfang",203245,"Zhengzhou University",academic,2,59,29.5,2.35,57059814400
"Jiang†, Haiwei",-,"Jiangxi Academy of Sciences",-,2,30,15.0,1.14,57218647546
"Johnson, Anthony Tosan",501052,"Western University",academic,2,28,14.0,1.18,57895145000
"Khatiwada, Janak Raj",501014,"Lakehead University",academic,2,38,19.0,1.65,56611859800
"Leng, Songqi",501052,"Western University",academic,2,11,5.5,0.47,57201156472
"Li, Baojun",203245,"Zhengzhou University",academic,2,56,28.0,1.55,57215374509
"Li, Hu",203073,"Guizhou University",academic,2,148,74.0,2.15,35933455300
"Li, Jiaxin",203007,"Anhui University of Technology",academic,2,16,8.0,2.35,14123595400
"Lin, Carol Sze Ki",205002,"City University of Hong Kong",academic,2,8,4.0,1.64,57204760033
"Liu, Xiaolong",203286,"CAS - Institute of Process Engineering",academic,2,48,24.0,4.53,56162827700
"Luo, Yangfeng",203047,"Chongqing University",academic,2,0,0.0,0.00,35215654800
"Ma, Zixu",203245,"Zhengzhou University",academic,2,40,20.0,4.16,57295476100
"Mou, Jinhua",205002,"City University of Hong Kong",academic,2,8,4.0,1.64,57210261255
"Nazari, Laleh",501019,"National Research Council of Canada",government,2,27,13.5,3.72,22938489900
"Pan, Zhiyan",203244,"Zhejiang University of Technology",academic,2,19,9.5,0.39,7402644582
"Qi, Liying",703994,"Hebei University of Engineering",academic,2,6,3.0,1.00,57201958880
"Qin, Zihao",205002,"City University of Hong Kong",academic,2,8,4.0,1.64,57217021562
"Qiu, Xueqing",203066,"Guangdong University of Technology",academic,2,231,115.5,4.47,7402545386
"Que, Zhigang",-,"Jiangxi Academy of Sciences",-,2,19,9.5,0.85,56421990600
"Ren, Shan",203223,"Xi'an Jiaotong University",academic,2,14,7.0,1.38,54783204800
"Shao, Yuanyuan",315090,"University of Nottingham",academic,2,0,0.0,0.00,35319045000
"Shen, Taizong",501052,"Western University",academic,2,11,5.5,0.47,59367508000
"Shi, Jinming",-,"Jiangxi Academy of Sciences",-,2,19,9.5,0.85,55491818800
"Si, Linqi",203245,"Zhengzhou University",academic,2,138,69.0,5.98,57247021400
"Sosa, Dennise",501052,"Western University",academic,2,28,14.0,1.18,57894411500
"Sun, Dalin",203073,"Guizhou University",academic,2,38,19.0,12.49,59452963000
"Sun, Zhiwei",203245,"Zhengzhou University",academic,2,40,20.0,4.21,58550917500
"Venkateswara Rao, Kasanneni Tirumala Venkateswar",315086,"University of Liverpool",academic,2,32,16.0,1.39,37089562800
"Wang, Caiwei",203069,"Guangxi University",academic,2,231,115.5,4.47,57198770633
"Wang, Hao",203073,"Guizhou University",academic,2,121,60.5,9.68,57210159341
"Wang, Junliang",203244,"Zhejiang University of Technology",academic,2,19,9.5,0.39,55124316000
"Wang, Yifan",203007,"Anhui University of Technology",academic,2,53,26.5,1.13,57200731855
"Wei, Qin",203146,"Northwest Agriculture and Forestry University",academic,2,14,7.0,0.75,37066716500
"Wei, Yilin",203245,"Zhengzhou University",academic,2,4,2.0,0.43,58953358900
"Wu, Deyu",203073,"Guizhou University",academic,2,38,19.0,12.49,59013480200
"Wu, Haoran",203057,"East China University of Science and Technology",academic,2,0,0.0,0.00,57195319378
"Yan, Kun",203245,"Zhengzhou University",academic,2,138,69.0,5.98,57392771000
"Yang, Jian",203007,"Anhui University of Technology",academic,2,8,4.0,0.42,57840365200
"Yang, Tao",203007,"Anhui University of Technology",academic,2,20,10.0,0.91,57227190900
"Yang, Weiran",203124,"Nanchang University",academic,2,30,15.0,1.14,36089489800
"Yang, Zhengzeng",203245,"Zhengzhou University",academic,2,4,2.0,0.45,59133530600
"Zhang, Haiping",203206,"Tianjin University",academic,2,0,0.0,0.00,36447161200
"Zhang, Huanhuan",203245,"Zhengzhou University",academic,2,39,19.5,1.78,58524506600
"Zhang, Hui",501052,"Western University",academic,2,0,0.0,0.00,56979502300
"Zhang, Mengyuan",203245,"Zhengzhou University",academic,2,17,8.5,1.82,57223100013
"Zhang, Na",708386,"China University of Geosciences, Beijing",academic,2,124,62.0,8.40,56999534800
"Zhang, Wenli",203066,"Guangdong University of Technology",academic,2,231,115.5,4.47,57192222908
"Zhang, Zongxuan",203206,"Tianjin University",academic,2,0,0.0,0.00,59797099900
"Zhou, Heng",203073,"Guizhou University",academic,2,121,60.5,9.68,58571303200
"Zhu, Jesse",501052,"Western University",academic,2,0,0.0,0.00,58113875500
"Abinandan, Sudharsanam",201028,"University of Newcastle",academic,1,13,13.0,0.86,55842365900
"Ali, Zohaib",501052,"Western University",academic,1,4,4.0,0.40,58000150700
"Bao, Guangda",203007,"Anhui University of Technology",academic,1,43,43.0,3.30,57373214000
"Boumghar, Yacine",-,"CÉPROCQ",-,1,11,11.0,0.94,57225472600
"Bressler, David C.",501035,"University of Alberta",academic,1,3,3.0,0.11,6603915454
"Cao, Yijun",203245,"Zhengzhou University",academic,1,1,1.0,1.71,35175636500
"Chae, Michael",501035,"University of Alberta",academic,1,3,3.0,0.11,56335797000
"Chai, Shouning",203223,"Xi'an Jiaotong University",academic,1,1,1.0,1.38,52063213600
"Charpentier, Paul A.",501052,"Western University",academic,1,17,17.0,2.00,7102915057
"Che, Penghua",203270,"CAS - Dalian Institute of Chemical Physics",academic,1,8,8.0,1.06,55260425100
"Chen, Chongchong",203387,"Luoyang Normal University",academic,1,8,8.0,1.06,57198431954
"Chen, Haijun",203245,"Zhengzhou University",academic,1,17,17.0,1.26,57213704751
"Chen, Haipeng",203387,"Luoyang Normal University",academic,1,38,38.0,2.18,57200679743
"Chen, Lei",203126,"Nanjing Forestry University",academic,1,0,0.0,0.00,56048819200
"Chen, Season Si",203209,"Tsinghua University",academic,1,5,5.0,2.71,57161533100
"Chen, Shikuo",203124,"Nanchang University",academic,1,16,16.0,0.98,57476316100
"Chen, Tao",203022,"Central South University",academic,1,13,13.0,1.38,57208726520
"Chen, Xiao",205002,"City University of Hong Kong",academic,1,1,1.0,1.39,59507477700
"Chen, Xingfan",203124,"Nanchang University",academic,1,16,16.0,0.98,57224643122
"Chen, Yulong",203007,"Anhui University of Technology",academic,1,14,14.0,4.53,58121325100
"Chen, Zhengyu",-,"Zhejiang Academy of Special Equipment Science",-,1,2,2.0,0.23,59387858400
"Cheng, Defang",-,"Zhejiang Academy of Special Equipment Science",-,1,2,2.0,0.23,59387858500
"Cheng, Mengqing",203245,"Zhengzhou University",academic,1,18,18.0,3.04,58749493000
"Cheng, Xianglin",203245,"Zhengzhou University",academic,1,10,10.0,1.13,23088052600
"Cheng, Xing'an",717064,"Zhongkai University of Agriculture and Engineering",academic,1,15,15.0,1.41,37113640700
"Cui, Yajiao",203245,"Zhengzhou University",academic,1,27,27.0,3.37,58235551500
"David, Alice Jasmine",703244,"SRM Institute of Science and Technology",academic,1,13,13.0,0.86,58313925400
"Dong, Fangyun",717064,"Zhongkai University of Agriculture and Engineering",academic,1,15,15.0,1.41,57215876612
"Dong, Liang",205002,"City University of Hong Kong",academic,1,3,3.0,0.57,55752935000
"Du, Bin",-,"Zhejiang Academy of Special Equipment Science",-,1,2,2.0,0.23,59388156100
"Duan, Huamei",203047,"Chongqing University",academic,1,13,13.0,1.38,57193443384
"Duan, Ying",203387,"Luoyang Normal University",academic,1,6,6.0,0.43,56438591800
"El-Sayed, Hanan E.M.",-,"Greenfield Global Inc.",-,1,35,35.0,2.09,57347126600
"Evans, Sara",501007,"Dalhousie University",academic,1,2,2.0,0.22,58679759800
"Fan, Sichen",203076,"Harbin Institute of Technology",academic,1,7,7.0,1.68,57214945722
"Fan, Yanping",203091,"Henan Polytechnic University",academic,1,38,38.0,2.18,43361155500
"Fang, Yujie",203047,"Chongqing University",academic,1,13,13.0,1.38,58570720400
"Feng, Shanghuan",-,"International Centre for Bamboo and Rattan",-,1,14,14.0,3.10,55791034300
"Feng, Yunlong",203007,"Anhui University of Technology",academic,1,7,7.0,0.65,58499980200
"Fridrihsone, Anda",705267,"Latvian State Institute of Wood Chemistry",government,1,3,3.0,0.57,55523427800
"Fu, Fangbao",203066,"Guangdong University of Technology",academic,1,196,196.0,6.00,57195305968
"Fu, Kai",203245,"Zhengzhou University",academic,1,1,1.0,1.34,58574153700
"Fu, Luyan",203387,"Luoyang Normal University",academic,1,27,27.0,3.37,58245000900
"Gagnon, Graham A.",501007,"Dalhousie University",academic,1,1,1.0,1.72,7006675275
"Gao, Jihui",203076,"Harbin Institute of Technology",academic,1,36,36.0,2.76,15520604600
"Gosset, Jérôme",-,"CLIMICALS",-,1,11,11.0,0.94,59368476900
"Guo, Song",203212,"University of Science and Technology Beijing",academic,1,6,6.0,0.73,57670935700
"Guo, Ziyang",205002,"City University of Hong Kong",academic,1,1,1.0,1.39,58902333900
"Han, Sihai",203093,"Henan University of Science and Technology",academic,1,32,32.0,2.78,25930354300
"Han, Yonghui",203084,"Hebei University of Science and Technology",academic,1,12,12.0,0.53,57219267031
"Hao, Haiqing",-,"Grirem Advanced Materials Co., Ltd.",-,1,1,1.0,1.71,57190730378
"He, Chang",203047,"Chongqing University",academic,1,13,13.0,1.38,59225642300
"He, Chi",203223,"Xi'an Jiaotong University",academic,1,1,1.0,1.38,7402284742
"He, Huiqing",717064,"Zhongkai University of Agriculture and Engineering",academic,1,15,15.0,1.41,57204398147
"He, Lijuan",203073,"Guizhou University",academic,1,97,97.0,3.23,58198745200
"Hou, Lingyan",501052,"Western University",academic,1,11,11.0,0.94,59367677300
"Hu, Jiansheng",-,"Cardiovascular Key Laboratory of Zhejiang Province",-,1,2,2.0,0.23,59387797000
"Hu, Song",203091,"Henan Polytechnic University",academic,1,38,38.0,2.18,57224221641
"Huang, Rong",-,"Jiangxi Academy of Sciences",-,1,14,14.0,1.29,58548619800
"Huang, Yizheng",203270,"CAS - Dalian Institute of Chemical Physics",academic,1,8,8.0,1.06,7501575249
"Huang, Zujiang",-,"Zhejiang Academy of Special Equipment Science",-,1,2,2.0,0.23,59387917300
"Inui, Hideyuki",327028,"University of Lodz",academic,1,1,1.0,1.99,7102317837
"Jiang, Xuhong",717064,"Zhongkai University of Agriculture and Engineering",academic,1,15,15.0,1.41,26428789600
"Jiang, Yipei",501052,"Western University",academic,1,6,6.0,0.76,58221604100
"Jiang, Youfeng",-,"Kweichow Moutai Group",-,1,1,1.0,1.34,59560578900
"Jiang, Zhuoran",315091,"University of Oxford",academic,1,18,18.0,0.58,58192230400
"Jiao, Guangling",-,"AKSO Marine Biotech Inc.",-,1,1,1.0,1.72,26323215000
"Jing, Zhaoqian",203126,"Nanjing Forestry University",academic,1,0,0.0,0.00,35194076700
"Kang, Xiaorong",710549,"Nanjing Institute of Technology",academic,1,0,0.0,0.00,51161233300
"Kirpļuks, Miķelis",705267,"Latvian State Institute of Wood Chemistry",government,1,3,3.0,0.57,55758156700
"Kong, Qianqian",203037,"China University of Mining and Technology",academic,1,38,38.0,2.18,57340337400
"Krishnamurthi, Tamilarasan",703244,"SRM Institute of Science and Technology",academic,1,13,13.0,0.86,56765808700
"Lam, Jason Chun Ho",205002,"City University of Hong Kong",academic,1,5,5.0,2.71,57193525410
"Lei, Zhiping",203007,"Anhui University of Technology",academic,1,20,20.0,1.53,14045415400
"Leitch, Mathew A.",501014,"Lakehead University",academic,1,49,49.0,0.88,7006992443
"Leu, Shao-Yuan",205004,"Hong Kong Polytechnic University",academic,1,5,5.0,2.71,57203804820
"Li, An",501035,"University of Alberta",academic,1,3,3.0,0.11,57194654660
"Li, Changle",203387,"Luoyang Normal University",academic,1,48,48.0,3.50,59840008600
"Li, Haiming",203007,"Anhui University of Technology",academic,1,14,14.0,4.53,57209854954
"Li, Hongji",203245,"Zhengzhou University",academic,1,17,17.0,1.26,57206827770
"Li, Hugang",203201,"Taiyuan University of Technology",academic,1,16,16.0,0.98,57197814216
"Li, Qingqing",203069,"Guangxi University",academic,1,2,2.0,0.48,59869558100
"Li, Shuting",501052,"Western University",academic,1,0,0.0,0.00,59908295400
"Li, Si",-,"Ltd.",-,1,1,1.0,0.19,59400663300
"Li, Weihong",205002,"City University of Hong Kong",academic,1,1,1.0,1.39,56374117400
"Li, Xiaodi",203047,"Chongqing University",academic,1,1,1.0,1.38,57318334600
"Li, Xinzhe",203223,"Xi'an Jiaotong University",academic,1,1,1.0,1.38,55943834700
"Li, Yuncong",203073,"Guizhou University",academic,1,51,51.0,1.07,57561714600
"Li, Zhanku",203007,"Anhui University of Technology",academic,1,20,20.0,1.53,55982381200
"Li, Zhenying",203007,"Anhui University of Technology",academic,1,2,2.0,0.17,57747685100
"Li, Zhongjun",203245,"Zhengzhou University",academic,1,17,17.0,1.26,57051900100
"Lin, Jianan",501007,"Dalhousie University",academic,1,1,1.0,1.72,57204520858
"Liu, Baozhong",203091,"Henan Polytechnic University",academic,1,38,38.0,2.18,13402658800
"Liu, Beibei",203245,"Zhengzhou University",academic,1,2,2.0,0.39,59630177600
"Liu, Haiyang",203245,"Zhengzhou University",academic,1,1,1.0,0.21,59285925200
"Liu, Peiyao",203245,"Zhengzhou University",academic,1,1,1.0,0.33,59133921600
"Liu, Xueli",203245,"Zhengzhou University",academic,1,1,1.0,1.39,58091300700
"Liu, Yali",203126,"Nanjing Forestry University",academic,1,0,0.0,0.00,55899953100
"Liu, Yifan",203076,"Harbin Institute of Technology",academic,1,7,7.0,1.68,59852537800
"Liu, Yufeng",203201,"Taiyuan University of Technology",academic,1,1,1.0,0.33,59133530700
"Liu, Zhanmei",-,"Guangzhou Nanyang Polytechnic",-,1,15,15.0,1.41,25623643000
"Liu, Zhiyang",203245,"Zhengzhou University",academic,1,1,1.0,1.71,59544475600
"Long, Siyuan",203124,"Nanchang University",academic,1,14,14.0,1.29,58548201100
"Lu, Xin",203057,"East China University of Science and Technology",academic,1,11,11.0,0.73,56472064900
"Luo, Qianqian",203245,"Zhengzhou University",academic,1,6,6.0,0.43,57212313567
"Luo, Zejun",205002,"City University of Hong Kong",academic,1,1,1.0,1.39,57206659466
"Lv, Xiaojing",717064,"Zhongkai University of Agriculture and Engineering",academic,1,15,15.0,1.41,57215876768
"Ma, Hong",203270,"CAS - Dalian Institute of Chemical Physics",academic,1,8,8.0,1.06,57217349003
"Ma, Jiajia",203244,"Zhejiang University of Technology",academic,1,18,18.0,0.58,57368387100
"Meng, Kangzheng",203007,"Anhui University of Technology",academic,1,21,21.0,1.34,58677955600
"Meng, Qingmin",203007,"Anhui University of Technology",academic,1,6,6.0,0.68,55455271600
"Miao, Yahui",205002,"City University of Hong Kong",academic,1,3,3.0,0.57,58101059500
"Miller, Kimberly",-,"Solid State Pharma Inc.",-,1,16,16.0,1.28,57884180400
"Moresoli, Christine",501051,"University of Waterloo",academic,1,8,8.0,0.54,55907345300
"Murtaza, Bilal",501014,"Lakehead University",academic,1,3,3.0,0.23,59810902100
"Nabipour, Hafezeh",501052,"Western University",academic,1,11,11.0,1.00,38362104900
"Nanda, Sonil",501052,"Western University",academic,1,14,14.0,8.85,56350215900
"Nasseri, Rasool",501051,"University of Waterloo",academic,1,8,8.0,0.54,56019146800
"Ng, Harrison",501052,"Western University",academic,1,17,17.0,2.00,58551455800
"Ngono Ngane, Rosalie A.",702987,"Université de Douala",academic,1,1,1.0,1.99,42862015600
"Nie, Hanbing",-,"Jiangxi Academy of Sciences",-,1,14,14.0,1.29,57211946872
"Nie, Xin",203270,"CAS - Dalian Institute of Chemical Physics",academic,1,8,8.0,1.06,56250695900
"Nie, Yingxia",203073,"Guizhou University",academic,1,14,14.0,8.85,58985138900
"Niu, Chunyao",203245,"Zhengzhou University",academic,1,3,3.0,0.71,56708106500
"Pang, Xinchang",203093,"Henan University of Science and Technology",academic,1,48,48.0,3.50,23051741300
"Park, Evan",501052,"Western University",academic,1,6,6.0,0.76,58221824300
"Peng, Yang",203124,"Nanchang University",academic,1,16,16.0,0.98,59826954900
"Pjontek, Dominic",501052,"Western University",academic,1,1,1.0,0.21,22958193300
"Qi, Yingyu",203245,"Zhengzhou University",academic,1,27,27.0,3.37,58245244900
"Qian, Hang",203245,"Zhengzhou University",academic,1,11,11.0,1.21,57223266619
"Qin, Xiangjing",700719,"CAS - South China Sea Institute of Oceanology",academic,1,15,15.0,1.41,56513030700
"Qin, Yanlin",203066,"Guangdong University of Technology",academic,1,196,196.0,6.00,56316874600
"Quan, Zhen",203089,"Henan Agricultural University",academic,1,16,16.0,3.31,59137555300
"Rahman, Md Shafiqur",704844,"University of Chittagong",academic,1,3,3.0,0.23,57095268500
"Rainey, Jan K.",501007,"Dalhousie University",academic,1,2,2.0,0.22,7006325871
"Razipour, Tahmineh",-,"Pad Sepahan Company",-,1,1,1.0,0.39,59354916000
"Ren, Qiuhe",-,"Henan Academy of Sciences",-,1,8,8.0,1.06,13808280400
"Ren, Shibiao",203007,"Anhui University of Technology",academic,1,20,20.0,1.53,35208934000
"Rizkalla, Amin Sami",501052,"Western University",academic,1,32,32.0,2.96,7004035467
"Rohani, Sohrab",501052,"Western University",academic,1,11,11.0,1.00,7005960523
"Samadi, Akbar",501007,"Dalhousie University",academic,1,1,1.0,0.24,16426570800
"Scott, Alison J.",501007,"Dalhousie University",academic,1,1,1.0,1.72,55780062800
"Shao, Puhua",203245,"Zhengzhou University",academic,1,15,15.0,1.39,58612054600
"Shao, Yang",203212,"University of Science and Technology Beijing",academic,1,118,118.0,16.07,58613670600
"Shi, Jingge",203387,"Luoyang Normal University",academic,1,90,90.0,8.46,59817414200
"Shi, Zhanghan",203245,"Zhengzhou University",academic,1,1,1.0,1.34,59547402800
"Shui, Tao",203192,"Southeast University, Nanjing",academic,1,3,3.0,0.11,57211498629
"Si, Xiaoqin",203245,"Zhengzhou University",academic,1,0,0.0,0.00,56545214200
"Sosa Carrero, Dennise Johanna",501052,"Western University",academic,1,49,49.0,0.88,57415657400
"Souzanchi, Sadra",501052,"Western University",academic,1,24,24.0,1.72,55641064300
"Sun, Fubao",203106,"Jiangnan University",academic,1,14,14.0,0.48,57203646868
"Tan, Zhongchao",501051,"University of Waterloo",academic,1,24,24.0,1.72,8847117600
"Tang, Suqin",-,"Ltd.",-,1,18,18.0,0.58,58032901100
"Tao, Jiajie",203007,"Anhui University of Technology",academic,1,6,6.0,0.68,57822730400
"Tsang, Daniel C.W.",205005,"Hong Kong University of Science and Technology",academic,1,5,5.0,2.71,59170062200
"Tymchyshyn, Matthew",501052,"Western University",academic,1,3,3.0,0.71,35222326700
"Vaidyanathan, Vinoth Kumar",703244,"SRM Institute of Science and Technology",academic,1,13,13.0,0.86,41561600000
"Venkata, Gayathri Balaji",501052,"Western University",academic,1,5,5.0,4.61,59416612100
"Venkatesh, Aditya",501052,"Western University",academic,1,0,0.0,0.00,59515073400
"Wang, Bing",203007,"Anhui University of Technology",academic,1,10,10.0,1.10,57504861800
"Wang, Hongtao",203007,"Anhui University of Technology",academic,1,39,39.0,1.12,56323987300
"Wang, Huanang",501052,"Western University",academic,1,4,4.0,0.51,58297889500
"Wang, Liang",203047,"Chongqing University",academic,1,1,1.0,1.38,57215565593
"Wang, Liucheng",203245,"Zhengzhou University",academic,1,63,63.0,4.93,8674431800
"Wang, Peng",203126,"Nanjing Forestry University",academic,1,0,0.0,0.00,58862208500
"Wang, Wenbo",-,"Henan Academy of Sciences",-,1,8,8.0,1.06,57894864200
"Wang, Yanjun",203007,"Anhui University of Technology",academic,1,3,3.0,1.33,59335954300
"Wang, Zhicai",203007,"Anhui University of Technology",academic,1,20,20.0,1.53,55848802300
"Wang, Zhulai",203126,"Nanjing Forestry University",academic,1,0,0.0,0.00,35216343300
"Wei, Chao",203212,"University of Science and Technology Beijing",academic,1,71,71.0,3.00,57859140700
"Wei, Qiang",501052,"Western University",academic,1,19,19.0,1.98,57895146400
"Wu, Huihui",203007,"Anhui University of Technology",academic,1,20,20.0,1.53,57832225300
"Wu, Jinbo",203007,"Anhui University of Technology",academic,1,7,7.0,0.65,58499221300
"Wu, Yuehua",717064,"Zhongkai University of Agriculture and Engineering",academic,1,15,15.0,1.41,57215873969
"Wu, Yujian",203351,"Guangdong Ocean University",academic,1,28,28.0,1.72,56818267000
"Xiao, Jinbin",-,"Henan Academy of Sciences",-,1,8,8.0,1.06,57894376200
"Xiao, Junjun",203007,"Anhui University of Technology",academic,1,39,39.0,1.12,56149178000
"Xie, Zhiqing",203212,"University of Science and Technology Beijing",academic,1,6,6.0,0.73,57272141500
"Xin, Zhong",203057,"East China University of Science and Technology",academic,1,11,11.0,0.73,7101911830
"Xu, Jintao",205002,"City University of Hong Kong",academic,1,1,1.0,1.39,59506624500
"Xu, Jun",203296,"CAS - Research Center for Eco-Environmental Sciences",academic,1,17,17.0,1.26,58845909200
"Xu, Sida",-,"Huadian Electric Power Research Institute Co., Ltd.",-,1,36,36.0,2.76,57405283600
"Xu, Sida",-,"Huadian Electric Power Research Institute Co., Ltd.",-,1,2,2.0,0.23,59388036200
"Xue, Hongyong",203245,"Zhengzhou University",academic,1,18,18.0,3.04,59182481200
"Yan, Jingchong",203007,"Anhui University of Technology",academic,1,20,20.0,1.53,55364660000
"Yang, Dongjie",203190,"South China University of Technology",academic,1,196,196.0,6.00,7404801706
"Yang, Jialin",203245,"Zhengzhou University",academic,1,2,2.0,0.39,59418070400
"Yang, Jie",712139,"Minjiang University",academic,1,11,11.0,0.73,57003919000
"Yang, Zhiyun",203245,"Zhengzhou University",academic,1,17,17.0,1.26,57576116400
"Yao, Jingtao",203007,"Anhui University of Technology",academic,1,20,20.0,1.53,57412023900
"Yao, Min",203245,"Zhengzhou University",academic,1,90,90.0,8.46,57913181000
"Ye, Zhiheng",203244,"Zhejiang University of Technology",academic,1,1,1.0,0.19,57208300865
"Yin, Chao",203126,"Nanjing Forestry University",academic,1,0,0.0,0.00,57546618600
"Yu, Aiping",501051,"University of Waterloo",academic,1,8,8.0,0.54,7401478774
"Yuan, Zhiguo",205002,"City University of Hong Kong",academic,1,5,5.0,2.71,58013696200
"Yuan, Zhongshan",501052,"Western University",academic,1,5,5.0,1.22,58687311600
"Zeng, Qingsen",203212,"University of Science and Technology Beijing",academic,1,71,71.0,3.00,57872648700
"Zhang, Dafeng",203118,"Liaocheng University",academic,1,38,38.0,2.18,24077854400
"Zhang, Hanhui",717064,"Zhongkai University of Agriculture and Engineering",academic,1,15,15.0,1.41,57215875007
"Zhang, Jingyang",203245,"Zhengzhou University",academic,1,0,0.0,0.00,58748685900
"Zhang, Lin",205002,"City University of Hong Kong",academic,1,3,3.0,0.57,57191834656
"Zhang, Weihong",-,"Henan Jiaozuo Huakang Sugar Alcohol Technology Co. Ltd.",-,1,1,1.0,0.21,57904005000
"Zhang, Yan",203073,"Guizhou University",academic,1,14,14.0,8.85,59468142200
"Zhang, Yaning",203076,"Harbin Institute of Technology",academic,1,7,7.0,1.68,36989778500
"Zhang, Zejie",203066,"Guangdong University of Technology",academic,1,196,196.0,6.00,56834703900
"Zhang, Zengqi",203212,"University of Science and Technology Beijing",academic,1,71,71.0,3.00,56518692700
"Zhao, Guangbo",203076,"Harbin Institute of Technology",academic,1,36,36.0,2.76,23487415400
"Zhao, Hexi",203007,"Anhui University of Technology",academic,1,7,7.0,0.65,58419691800
"Zhao, Jingpeng",-,"Ltd.",-,1,1,1.0,1.34,59847557900
"Zhao, Jun",205003,"Hong Kong Baptist University",academic,1,5,5.0,2.71,56754347300
"Zhao, Wenke",203076,"Harbin Institute of Technology",academic,1,7,7.0,1.68,57188736317
"Zhao, Xinru",203245,"Zhengzhou University",academic,1,18,18.0,3.04,59182794300
"Zheng, Baohong",203073,"Guizhou University",academic,1,97,97.0,3.23,58199284400
"Zheng, Chunli",203223,"Xi'an Jiaotong University",academic,1,1,1.0,1.38,7401934892
"Zheng, Songming",203047,"Chongqing University",academic,1,13,13.0,1.38,58804052200
"Zheng, Xueting",203007,"Anhui University of Technology",academic,1,14,14.0,3.10,58605118000
"Zhong, Lei",203066,"Guangdong University of Technology",academic,1,196,196.0,6.00,57214777023
"Zhou, Di",203007,"Anhui University of Technology",academic,1,2,2.0,0.17,57204652489
"Zhou, Kang",203245,"Zhengzhou University",academic,1,16,16.0,3.31,59138172400
"Zhou, Ningning",501007,"Dalhousie University",academic,1,11,11.0,0.73,57216976499
"Zhou, Yuyue",203073,"Guizhou University",academic,1,14,14.0,8.85,59468087400
"Zhu, Aiguo",203040,"Chinese Academy of Agricultural Sciences",government,1,16,16.0,0.98,59580553200
"Zhu, Jiahao",203066,"Guangdong University of Technology",academic,1,196,196.0,6.00,57752462600
"Zhu, Tingheng",203244,"Zhejiang University of Technology",academic,1,3,3.0,0.23,35076706900
"Zhu, Xiefei",203213,"University of Science and Technology of China",academic,1,1,1.0,1.39,57193809528
"Zhu, Yu'en",203176,"Shanxi University",academic,1,6,6.0,0.52,15847359800
"Zhu, Yulong",203007,"Anhui University of Technology",academic,1,14,14.0,3.10,57221459676

"© 2025 Elsevier B.V. All rights reserved. SciVal, RELX Group and the RE symbol are trade marks of RELX Intellectual Properties SA, used under license."
